Game_Name,Month_Year,Avg_Players,Gain_Loss_Percent,Peak_Players
Counter-Strike 2,Last 30 Days,930000.09,-447.856,1516989
Counter-Strike 2,April 2026,974785.71,-943.8741,1564830
Counter-Strike 2,March 2026,1069173.12,-149.2147,1717624
Counter-Strike 2,February 2026,1084094.59,136.50809999999998,1627561
Counter-Strike 2,January 2026,1070443.78,792.6689,1654355
Counter-Strike 2,December 2025,991176.89,96.9444,1620137
Counter-Strike 2,November 2025,981482.45,332.38239999999996,1597285
Counter-Strike 2,October 2025,948244.21,223.03900000000002,1588091
Counter-Strike 2,September 2025,925940.31,-24.8893,1571060
Counter-Strike 2,August 2025,928429.24,83.5926,1502245
Counter-Strike 2,July 2025,920069.98,-900.5400999999999,1427300
Counter-Strike 2,June 2025,1010123.99,-284.7282,1725815
Counter-Strike 2,May 2025,1038596.81,-71.0484,1712216
Counter-Strike 2,April 2025,1045701.65,60.388400000000004,1811827
Counter-Strike 2,March 2025,1039662.81,360.9225,1818368
Counter-Strike 2,February 2025,1003570.56,894.7833999999999,1783434
Counter-Strike 2,January 2025,914092.22,1.3886,1594016
Counter-Strike 2,December 2024,913953.36,617.8906,1740261
Counter-Strike 2,November 2024,852164.3,227.2554,1556938
Counter-Strike 2,October 2024,829438.76,-68.679,1484045
Counter-Strike 2,September 2024,836306.66,-610.3122,1473144
Counter-Strike 2,August 2024,897337.88,219.72799999999998,1425958
Counter-Strike 2,July 2024,875365.08,-721.5545,1342171
Counter-Strike 2,June 2024,947520.53,-106.8681,1510840
Counter-Strike 2,May 2024,958207.34,274.5836,1614925
Counter-Strike 2,April 2024,930748.98,451.1929,1618685
Counter-Strike 2,March 2024,885629.69,989.9887,1521796
Counter-Strike 2,February 2024,786630.82,257.7159,1347519
Counter-Strike 2,January 2024,760859.23,-92.3558,1277907
Counter-Strike 2,December 2023,770094.8,555.8337,1248217
Counter-Strike 2,November 2023,714511.43,-776.1353,1161043
Counter-Strike 2,October 2023,792124.96,-1840.1303,1364902
Counter-Strike 2,September 2023,976137.99,539.8512999999999,1556326
Counter-Strike 2,August 2023,922152.86,404.61949999999996,1369511
Counter-Strike 2,July 2023,881690.91,-2042.759,1222913
Counter-Strike 2,June 2023,1085966.81,-315.506,1665869
Counter-Strike 2,May 2023,1117517.4,1994.318,1802853
Counter-Strike 2,April 2023,918085.6,746.1106,1510231
Counter-Strike 2,March 2023,843474.54,383.6864,1519457
Counter-Strike 2,February 2023,805105.9,789.5561,1354248
Counter-Strike 2,January 2023,726150.29,968.253,1199684
Counter-Strike 2,December 2022,629325.0,83.19,1065079
Counter-Strike 2,November 2022,621005.99,126.56459999999998,1129095
Counter-Strike 2,October 2022,608349.53,-104.265,1078860
Counter-Strike 2,September 2022,618776.04,-226.68740000000003,1100366
Counter-Strike 2,August 2022,641444.78,469.9171,1039889
Counter-Strike 2,July 2022,594453.07,222.30599999999998,928329
Counter-Strike 2,June 2022,572222.47,72.6076,906670
Counter-Strike 2,May 2022,564961.7,-40.2146,923996
Counter-Strike 2,April 2022,568983.16,-125.06530000000001,1013237
Counter-Strike 2,March 2022,581489.69,-531.4870999999999,987993
Counter-Strike 2,February 2022,634638.4,322.6213,995163
Counter-Strike 2,January 2022,602376.27,557.6208,991625
Counter-Strike 2,December 2021,546614.19,-15.4748,950586
Counter-Strike 2,November 2021,548161.67,357.2582,935593
Counter-Strike 2,October 2021,512435.85,0.8493,864966
Counter-Strike 2,September 2021,512350.92,2.6896,942519
Counter-Strike 2,August 2021,512081.96,60.146,802544
Counter-Strike 2,July 2021,506067.36,-432.79720000000003,763523
Counter-Strike 2,June 2021,549347.08,-1105.4180999999999,929940
Counter-Strike 2,May 2021,659888.89,-634.5763,1087197
Counter-Strike 2,April 2021,723346.52,-175.81310000000002,1148077
Counter-Strike 2,March 2021,740927.82,-0.8542000000000001,1198581
Counter-Strike 2,February 2021,741013.24,-21.9642,1123485
Counter-Strike 2,January 2021,743209.66,254.0591,1124553
Counter-Strike 2,December 2020,717803.75,490.4917,1164396
Counter-Strike 2,November 2020,668754.58,550.8789,1037464
Counter-Strike 2,October 2020,613666.69,68.1637,943876
Counter-Strike 2,September 2020,606850.32,-331.0734,977769
Counter-Strike 2,August 2020,639957.66,140.5685,925348
Counter-Strike 2,July 2020,625900.81,-457.4665,857560
Counter-Strike 2,June 2020,671647.46,-971.4779,1009467
Counter-Strike 2,May 2020,768795.25,-888.0897,1193359
Counter-Strike 2,April 2020,857604.22,1865.7094,1305714
Counter-Strike 2,March 2020,671033.29,1270.5413,1145972
Counter-Strike 2,February 2020,543979.15,427.8315,916996
Counter-Strike 2,January 2020,501196.0,444.94440000000003,817229
Counter-Strike 2,December 2019,456701.56,306.20759999999996,767060
Counter-Strike 2,November 2019,426080.81,170.855,758412
Counter-Strike 2,October 2019,408995.31,-19.3029,747937
Counter-Strike 2,September 2019,410925.6,-41.717,720052
Counter-Strike 2,August 2019,415097.3,213.1448,647461
Counter-Strike 2,July 2019,393782.83,44.06100000000001,578933
Counter-Strike 2,June 2019,389376.72,249.59419999999997,587724
Counter-Strike 2,May 2019,364417.31,124.2739,588453
Counter-Strike 2,April 2019,351989.92,-382.50239999999997,621614
Counter-Strike 2,March 2019,390240.16,188.812,680071
Counter-Strike 2,February 2019,371358.96,-300.0791,654069
Counter-Strike 2,January 2019,401366.87,58.5761,684511
Counter-Strike 2,December 2018,395509.26,854.2383,746548
Counter-Strike 2,November 2018,310085.43,-158.2239,546031
Counter-Strike 2,October 2018,325907.82,-72.5617,565968
Counter-Strike 2,September 2018,333163.99,496.3268,583029
Counter-Strike 2,August 2018,283531.31,102.2405,454370
Counter-Strike 2,July 2018,273307.26,64.45020000000001,426008
Counter-Strike 2,June 2018,266862.24,46.913599999999995,420261
Counter-Strike 2,May 2018,262170.88,-269.0582,454481
Counter-Strike 2,April 2018,289076.7,-651.9364,523262
Counter-Strike 2,March 2018,354270.33,-281.8677,672502
Counter-Strike 2,February 2018,382457.1,4.2657,686588
Counter-Strike 2,January 2018,382030.53,411.5365,715850
Counter-Strike 2,December 2017,340876.88,197.4548,598405
Counter-Strike 2,November 2017,321131.4,-207.2986,601881
Counter-Strike 2,October 2017,341861.26,-125.4083,639968
Counter-Strike 2,September 2017,354402.09,-200.236,665371
Counter-Strike 2,August 2017,374425.69,-31.633499999999998,595781
Counter-Strike 2,July 2017,377589.04,32.01,624785
Counter-Strike 2,June 2017,374388.04,25.587,614621
Counter-Strike 2,May 2017,371829.34,-203.6985,692966
Counter-Strike 2,April 2017,392199.19,52.904700000000005,709841
Counter-Strike 2,March 2017,386908.72,-154.7699,742356
Counter-Strike 2,February 2017,402385.71,92.76180000000001,744468
Counter-Strike 2,January 2017,393109.53,509.1383,814616
Counter-Strike 2,December 2016,342195.7,131.5044,662460
Counter-Strike 2,November 2016,329045.26,-40.312,627124
Counter-Strike 2,October 2016,333076.46,105.50569999999999,661985
Counter-Strike 2,September 2016,322525.89,-247.0336,638360
Counter-Strike 2,August 2016,347229.25,-65.48310000000001,599095
Counter-Strike 2,July 2016,353777.56,194.665,636056
Counter-Strike 2,June 2016,334311.06,-44.2734,579110
Counter-Strike 2,May 2016,338738.39,-370.5747,668612
Counter-Strike 2,April 2016,375795.87,-36.3108,850485
Counter-Strike 2,March 2016,379426.95,31.4192,737599
Counter-Strike 2,February 2016,376285.02,109.1393,738969
Counter-Strike 2,January 2016,365371.09,-120.7602,667432
Counter-Strike 2,December 2015,377447.11,165.2123,823694
Counter-Strike 2,November 2015,360925.88,-18.4021,786707
Counter-Strike 2,October 2015,362766.09,68.6076,732093
Counter-Strike 2,September 2015,355905.33,-16.2991,725939
Counter-Strike 2,August 2015,357535.24,280.0287,819902
Counter-Strike 2,July 2015,329532.38,-146.2363,541181
Counter-Strike 2,June 2015,344156.01,268.6972,610401
Counter-Strike 2,May 2015,317286.29,255.3755,677701
Counter-Strike 2,April 2015,291748.74,237.5243,568556
Counter-Strike 2,March 2015,267996.31,280.6168,595439
Counter-Strike 2,February 2015,239934.64,58.6396,455508
Counter-Strike 2,January 2015,234070.68,504.8118,443188
Counter-Strike 2,December 2014,183589.5,362.6043,367634
Counter-Strike 2,November 2014,147329.07,137.9137,348018
Counter-Strike 2,October 2014,133537.7,25.0302,260613
Counter-Strike 2,September 2014,131034.68,-21.511100000000003,242494
Counter-Strike 2,August 2014,133185.79,270.47790000000003,277192
Counter-Strike 2,July 2014,106138.0,219.74380000000002,193613
Counter-Strike 2,June 2014,84163.62,-7.614,164134
Counter-Strike 2,May 2014,84925.02,60.4449,170137
Counter-Strike 2,April 2014,78880.53,87.37200000000001,142526
Counter-Strike 2,March 2014,70143.33,103.5196,164495
Counter-Strike 2,February 2014,59791.37,41.640100000000004,119764
Counter-Strike 2,January 2014,55627.35,88.3908,102084
Counter-Strike 2,December 2013,46788.27,168.9775,96298
Counter-Strike 2,November 2013,29890.52,19.8838,92279
Counter-Strike 2,October 2013,27902.14,2.2323,53263
Counter-Strike 2,September 2013,27678.91,17.1706,52052
Counter-Strike 2,August 2013,25961.85,54.6933,50511
Counter-Strike 2,July 2013,20492.52,23.726799999999997,42149
Counter-Strike 2,June 2013,18119.84,-5.905,33700
Counter-Strike 2,May 2013,18710.34,27.043400000000002,53379
Counter-Strike 2,April 2013,16006.0,0.4611,31966
Counter-Strike 2,March 2013,15959.89,-14.1284,32166
Counter-Strike 2,February 2013,17372.73,12.0851,35238
Counter-Strike 2,January 2013,16164.22,20.8483,31359
Counter-Strike 2,December 2012,14079.39,-0.5471,27553
Counter-Strike 2,November 2012,14134.1,33.9462,50533
Counter-Strike 2,October 2012,10739.48,-52.612700000000004,20850
Counter-Strike 2,September 2012,16000.75,5.2536000000000005,36057
Counter-Strike 2,August 2012,15475.39,145.4281,52261
Counter-Strike 2,July 2012,932.57,0.0,1642
Dota 2,Last 30 Days,419347.1,-65.715,664213
Dota 2,April 2026,425918.58,-519.3699,695006
Dota 2,March 2026,477855.57,-1191.5425,859016
Dota 2,February 2026,597009.82,276.8564,869734
Dota 2,January 2026,569324.18,-249.65759999999997,855690
Dota 2,December 2025,594289.94,105.46170000000001,903542
Dota 2,November 2025,583743.77,447.4574,903303
Dota 2,October 2025,538998.03,-418.226,858940
Dota 2,September 2025,580820.63,484.6544,953869
Dota 2,August 2025,532355.19,1056.8252,818732
Dota 2,July 2025,426672.67,155.49360000000001,657349
Dota 2,June 2025,411123.31,21.3563,650259
Dota 2,May 2025,408987.68,158.1446,657074
Dota 2,April 2025,393173.22,-96.7801,630716
Dota 2,March 2025,402851.23,-288.9746,656279
Dota 2,February 2025,431748.69,-147.4246,708043
Dota 2,January 2025,446491.16,88.5546,719825
Dota 2,December 2024,437635.69,-173.2052,744163
Dota 2,November 2024,454956.21,442.74699999999996,797599
Dota 2,October 2024,410681.51,-161.3016,706726
Dota 2,September 2024,426811.67,-229.86419999999998,726385
Dota 2,August 2024,449798.09,-255.9556,734381
Dota 2,July 2024,475393.65,-112.8069,801126
Dota 2,June 2024,486674.34,-262.4486,869492
Dota 2,May 2024,512919.2,563.6839,943059
Dota 2,April 2024,456550.81,276.32259999999997,921133
Dota 2,March 2024,428918.55,9.9614,729865
Dota 2,February 2024,427922.41,-123.0695,741290
Dota 2,January 2024,440229.36,47.117200000000004,736488
Dota 2,December 2023,435517.65,17.900199999999998,802728
Dota 2,November 2023,433727.63,-18.9335,767353
Dota 2,October 2023,435620.98,-16.5243,780443
Dota 2,September 2023,437273.4,-70.4583,777466
Dota 2,August 2023,444319.24,58.0901,855495
Dota 2,July 2023,438510.22,171.7381,702381
Dota 2,June 2023,421336.42,-118.84270000000001,679525
Dota 2,May 2023,433220.69,39.9422,711816
Dota 2,April 2023,429226.47,104.8198,809580
Dota 2,March 2023,418744.49,168.9745,752617
Dota 2,February 2023,401847.04,-264.4956,680746
Dota 2,January 2023,428296.61,-402.4841,764490
Dota 2,December 2022,468545.02,-551.3904,827395
Dota 2,November 2022,523684.06,673.8142,990057
Dota 2,October 2022,456302.65,-344.2221,1038848
Dota 2,September 2022,490724.86,222.5799,867484
Dota 2,August 2022,468466.87,238.72310000000002,747231
Dota 2,July 2022,444594.56,-135.48950000000002,684842
Dota 2,June 2022,458143.51,112.26610000000001,699592
Dota 2,May 2022,446916.9,-49.0987,691586
Dota 2,April 2022,451826.77,31.0317,730168
Dota 2,March 2022,448723.6,-14.7654,740784
Dota 2,February 2022,450200.14,-355.913,725851
Dota 2,January 2022,485791.43,364.9407,786118
Dota 2,December 2021,449297.37,4.3683,756170
Dota 2,November 2021,448860.53,-19.0091,747506
Dota 2,October 2021,450761.44,596.7937000000001,752482
Dota 2,September 2021,391082.08,-338.98089999999996,666838
Dota 2,August 2021,424980.17,18.2399,699613
Dota 2,July 2021,423156.18,16.4622,707406
Dota 2,June 2021,421509.96,63.65,734277
Dota 2,May 2021,415144.96,13.6,672307
Dota 2,April 2021,413784.97,233.72209999999998,705534
Dota 2,March 2021,390412.76,-144.1937,648875
Dota 2,February 2021,404832.13,-278.3952,651615
Dota 2,January 2021,432671.65,101.1933,694613
Dota 2,December 2020,422552.32,-33.5252,697833
Dota 2,November 2020,425904.83,195.4348,711824
Dota 2,October 2020,406361.36,-22.484299999999998,723280
Dota 2,September 2020,408609.78,-211.0734,670547
Dota 2,August 2020,429717.12,-204.96869999999998,666138
Dota 2,July 2020,450213.99,-69.7043,712610
Dota 2,June 2020,457184.42,-270.046,733294
Dota 2,May 2020,484189.02,-91.1125,793135
Dota 2,April 2020,493300.27,561.5291000000001,801121
Dota 2,March 2020,437147.36,311.6871,743933
Dota 2,February 2020,405978.65,270.5322,663812
Dota 2,January 2020,378925.43,-52.5432,616415
Dota 2,December 2019,384179.76,-177.5205,685165
Dota 2,November 2019,401931.8,135.7594,708517
Dota 2,October 2019,388355.86,-336.1538,739924
Dota 2,September 2019,421971.24,-451.7705,753996
Dota 2,August 2019,467148.29,23.6067,826690
Dota 2,July 2019,464787.61,-427.4082,779160
Dota 2,June 2019,507528.44,-409.94739999999996,865374
Dota 2,May 2019,548523.18,283.04200000000003,997341
Dota 2,April 2019,520218.98,-662.8687,971545
Dota 2,March 2019,586505.85,215.9618,1033925
Dota 2,February 2019,564909.67,891.6267,964921
Dota 2,January 2019,475747.0,363.7917,874888
Dota 2,December 2018,439367.83,-217.0566,765422
Dota 2,November 2018,461073.48,298.9957,826053
Dota 2,October 2018,431173.91,-352.9683,739643
Dota 2,September 2018,466470.74,-96.3034,826166
Dota 2,August 2018,476101.08,343.86730000000006,829281
Dota 2,July 2018,441714.35,-321.85650000000004,701582
Dota 2,June 2018,473900.0,-4.2587,796886
Dota 2,May 2018,474325.87,439.8493,844713
Dota 2,April 2018,430340.94,-69.214,733214
Dota 2,March 2018,437262.35,-15.853699999999998,773897
Dota 2,February 2018,438847.72,-480.142,779299
Dota 2,January 2018,486861.91,-262.1242,778627
Dota 2,December 2017,513074.33,256.9309,864939
Dota 2,November 2017,487381.24,212.5445,861173
Dota 2,October 2017,466126.79,-253.2337,832550
Dota 2,September 2017,491450.16,-650.4614,829555
Dota 2,August 2017,556496.3,580.5192,876395
Dota 2,July 2017,498444.38,-568.447,824297
Dota 2,June 2017,555289.07,-122.3735,923122
Dota 2,May 2017,567526.42,272.4839,972876
Dota 2,April 2017,540278.03,-81.5741,921318
Dota 2,March 2017,548435.44,-431.31809999999996,956232
Dota 2,February 2017,591567.25,112.85780000000001,1040877
Dota 2,January 2017,580281.47,-136.3913,1007451
Dota 2,December 2016,593920.6,96.6927,1014671
Dota 2,November 2016,584251.33,-551.0382,1007270
Dota 2,October 2016,639355.14,167.7124,1141191
Dota 2,September 2016,622583.9,-434.29150000000004,1064377
Dota 2,August 2016,666013.05,278.004,1117519
Dota 2,July 2016,638212.65,-20.1433,1084198
Dota 2,June 2016,640226.98,164.283,1095994
Dota 2,May 2016,623798.67,-331.457,1075307
Dota 2,April 2016,656944.37,-156.1052,1164041
Dota 2,March 2016,672554.89,-366.2336,1291328
Dota 2,February 2016,709178.26,970.0347999999999,1248394
Dota 2,January 2016,612174.78,388.3053,1067949
Dota 2,December 2015,573344.25,338.07919999999996,999452
Dota 2,November 2015,539536.33,175.94619999999998,943635
Dota 2,October 2015,521941.72,137.8486,917306
Dota 2,September 2015,508156.85,-987.8711999999999,888728
Dota 2,August 2015,606943.98,519.5297,933942
Dota 2,July 2015,554991.01,-134.57319999999999,877264
Dota 2,June 2015,568448.32,-119.001,913997
Dota 2,May 2015,580348.42,542.867,967674
Dota 2,April 2015,526061.73,-456.51419999999996,929677
Dota 2,March 2015,571713.15,-572.5726,1213940
Dota 2,February 2015,628970.41,704.6607,1262612
Dota 2,January 2015,558504.33,345.6401,961737
Dota 2,December 2014,523940.32,-48.4948,936583
Dota 2,November 2014,528789.8,330.9677,963810
Dota 2,October 2014,495693.04,176.9459,880655
Dota 2,September 2014,477998.45,-128.8544,864261
Dota 2,August 2014,490883.89,-461.3477,774319
Dota 2,July 2014,537018.66,232.356,874975
Dota 2,June 2014,513783.06,313.9581,833145
Dota 2,May 2014,482387.24,606.7703,843024
Dota 2,April 2014,421710.21,119.5466,734998
Dota 2,March 2014,409755.56,-113.5865,698197
Dota 2,February 2014,421114.2,272.53880000000004,738682
Dota 2,January 2014,393860.32,272.5383,673496
Dota 2,December 2013,366606.49,183.60119999999998,685503
Dota 2,November 2013,348246.37,185.6873,702792
Dota 2,October 2013,329677.64,172.52880000000002,581615
Dota 2,September 2013,312424.76,-182.953,566715
Dota 2,August 2013,330720.07,929.1998,520532
Dota 2,July 2013,237800.08,275.7526,422617
Dota 2,June 2013,210224.82,158.6098,326160
Dota 2,May 2013,194363.84,195.2811,325815
Dota 2,April 2013,174835.73,-60.4317,299667
Dota 2,March 2013,180878.9,139.0593,325598
Dota 2,February 2013,166972.97,192.2482,283870
Dota 2,January 2013,147748.14,258.23720000000003,260989
Dota 2,December 2012,121924.42,208.46990000000002,213521
Dota 2,November 2012,101077.43,251.11990000000003,169631
Dota 2,October 2012,75965.44,140.9777,171860
Dota 2,September 2012,61867.68,60.9907,118724
Dota 2,August 2012,55768.61,30.4756,108689
Dota 2,July 2012,52721.05,0.0,75041
Forza Horizon 6,Last 30 Days,206119.4,0.0,301394
FiveM,Last 30 Days,130203.67,-7.699,221062
FiveM,April 2026,130973.53,107.9674,219135
FiveM,March 2026,120176.79,204.7096,212020
FiveM,February 2026,99705.83,537.3551,190134
FiveM,January 2026,45970.32,0.0,126930
PUBG: BATTLEGROUNDS,Last 30 Days,322579.07,-305.883,833926
PUBG: BATTLEGROUNDS,April 2026,353167.38,259.546,979753
PUBG: BATTLEGROUNDS,March 2026,327212.78,600.7782,1290870
PUBG: BATTLEGROUNDS,February 2026,267134.96,-232.6173,694462
PUBG: BATTLEGROUNDS,January 2026,290396.69,109.9022,712143
PUBG: BATTLEGROUNDS,December 2025,279406.47,14.2125,751295
PUBG: BATTLEGROUNDS,November 2025,277985.22,114.2623,691068
PUBG: BATTLEGROUNDS,October 2025,266558.99,-115.3663,750442
PUBG: BATTLEGROUNDS,September 2025,278095.62,-174.0834,707773
PUBG: BATTLEGROUNDS,August 2025,295503.96,-77.57350000000001,724503
PUBG: BATTLEGROUNDS,July 2025,303261.31,-66.307,944484
PUBG: BATTLEGROUNDS,June 2025,309892.01,46.3883,778327
PUBG: BATTLEGROUNDS,May 2025,305253.18,-121.8785,804674
PUBG: BATTLEGROUNDS,April 2025,317441.03,-280.86310000000003,861598
PUBG: BATTLEGROUNDS,March 2025,345527.34,287.5095,1329605
PUBG: BATTLEGROUNDS,February 2025,316776.38,92.2607,818843
PUBG: BATTLEGROUNDS,January 2025,307550.31,-135.4761,786821
PUBG: BATTLEGROUNDS,December 2024,321097.93,54.8473,799077
PUBG: BATTLEGROUNDS,November 2024,315613.2,222.6322,796001
PUBG: BATTLEGROUNDS,October 2024,293349.98,-49.174,762909
PUBG: BATTLEGROUNDS,September 2024,298267.38,130.1992,807515
PUBG: BATTLEGROUNDS,August 2024,285247.47,-81.49340000000001,719506
PUBG: BATTLEGROUNDS,July 2024,293396.8,58.9828,700235
PUBG: BATTLEGROUNDS,June 2024,287498.52,161.343,699256
PUBG: BATTLEGROUNDS,May 2024,271364.22,-94.8899,693105
PUBG: BATTLEGROUNDS,April 2024,280853.22,-4.8886,699697
PUBG: BATTLEGROUNDS,March 2024,281342.08,310.27139999999997,764034
PUBG: BATTLEGROUNDS,February 2024,250314.93,7.5727,609366
PUBG: BATTLEGROUNDS,January 2024,249557.66,25.4511,587152
PUBG: BATTLEGROUNDS,December 2023,247012.55,408.0398,623852
PUBG: BATTLEGROUNDS,November 2023,206208.57,175.3775,502374
PUBG: BATTLEGROUNDS,October 2023,188670.82,67.1443,444585
PUBG: BATTLEGROUNDS,September 2023,181956.39,15.835,415099
PUBG: BATTLEGROUNDS,August 2023,180372.9,168.6516,397857
PUBG: BATTLEGROUNDS,July 2023,163507.73,-9.357000000000001,356738
PUBG: BATTLEGROUNDS,June 2023,164443.43,-190.5555,376727
PUBG: BATTLEGROUNDS,May 2023,183498.98,-142.3733,414957
PUBG: BATTLEGROUNDS,April 2023,197736.31,-56.6879,444973
PUBG: BATTLEGROUNDS,March 2023,203405.11,-174.66400000000002,459344
PUBG: BATTLEGROUNDS,February 2023,220871.5,172.1307,490332
PUBG: BATTLEGROUNDS,January 2023,203658.43,-86.3193,465423
PUBG: BATTLEGROUNDS,December 2022,212290.36,283.7057,586384
PUBG: BATTLEGROUNDS,November 2022,183919.79,-126.3909,425493
PUBG: BATTLEGROUNDS,October 2022,196558.88,11.1984,440651
PUBG: BATTLEGROUNDS,September 2022,195439.04,110.6652,448410
PUBG: BATTLEGROUNDS,August 2022,184372.52,73.543,395910
PUBG: BATTLEGROUNDS,July 2022,177018.21,-41.696000000000005,391255
PUBG: BATTLEGROUNDS,June 2022,181187.81,-196.66400000000002,413426
PUBG: BATTLEGROUNDS,May 2022,200854.21,-226.87240000000003,468207
PUBG: BATTLEGROUNDS,April 2022,223541.44,-25.734499999999997,527433
PUBG: BATTLEGROUNDS,March 2022,226114.89,-150.5957,535587
PUBG: BATTLEGROUNDS,February 2022,241174.46,-11.478900000000001,532109
PUBG: BATTLEGROUNDS,January 2022,242322.35,886.5153999999999,696704
PUBG: BATTLEGROUNDS,December 2021,153670.81,124.09620000000001,363839
PUBG: BATTLEGROUNDS,November 2021,141261.19,-171.7669,341570
PUBG: BATTLEGROUNDS,October 2021,158437.88,-86.6424,393496
PUBG: BATTLEGROUNDS,September 2021,167102.12,-177.2628,400709
PUBG: BATTLEGROUNDS,August 2021,184828.4,-14.2157,444355
PUBG: BATTLEGROUNDS,July 2021,186249.97,69.117,413274
PUBG: BATTLEGROUNDS,June 2021,179338.27,-53.6295,427913
PUBG: BATTLEGROUNDS,May 2021,184701.21,-14.0944,419509
PUBG: BATTLEGROUNDS,April 2021,186110.65,-70.03529999999999,453579
PUBG: BATTLEGROUNDS,March 2021,193114.18,-58.4334,464480
PUBG: BATTLEGROUNDS,February 2021,198957.52,-22.8967,447390
PUBG: BATTLEGROUNDS,January 2021,201247.19,120.1361,451998
PUBG: BATTLEGROUNDS,December 2020,189233.58,97.1332,444680
PUBG: BATTLEGROUNDS,November 2020,179520.26,169.34619999999998,438919
PUBG: BATTLEGROUNDS,October 2020,162585.64,-65.0807,381079
PUBG: BATTLEGROUNDS,September 2020,169093.71,-233.989,403693
PUBG: BATTLEGROUNDS,August 2020,192492.61,-192.077,443390
PUBG: BATTLEGROUNDS,July 2020,211700.3,-186.2944,469568
PUBG: BATTLEGROUNDS,June 2020,230329.74,-129.2904,546359
PUBG: BATTLEGROUNDS,May 2020,243258.78,4.1151,553121
PUBG: BATTLEGROUNDS,April 2020,242847.28,143.80110000000002,913075
PUBG: BATTLEGROUNDS,March 2020,228467.17,-291.1716,562028
PUBG: BATTLEGROUNDS,February 2020,257584.32,-177.7872,606689
PUBG: BATTLEGROUNDS,January 2020,275363.04,-330.82410000000004,645414
PUBG: BATTLEGROUNDS,December 2019,308445.45,27.860599999999998,686239
PUBG: BATTLEGROUNDS,November 2019,305659.39,185.25979999999998,695920
PUBG: BATTLEGROUNDS,October 2019,287133.41,-243.109,637870
PUBG: BATTLEGROUNDS,September 2019,311444.31,-470.86650000000003,660864
PUBG: BATTLEGROUNDS,August 2019,358530.96,56.4208,750941
PUBG: BATTLEGROUNDS,July 2019,352888.88,-101.9448,745224
PUBG: BATTLEGROUNDS,June 2019,363083.37,-227.57229999999998,745960
PUBG: BATTLEGROUNDS,May 2019,385840.59,-42.603,817595
PUBG: BATTLEGROUNDS,April 2019,390100.9,-277.1161,886255
PUBG: BATTLEGROUNDS,March 2019,417812.51,-201.4659,931407
PUBG: BATTLEGROUNDS,February 2019,437959.1,-598.4415,931754
PUBG: BATTLEGROUNDS,January 2019,497803.25,242.61990000000003,1084606
PUBG: BATTLEGROUNDS,December 2018,473541.26,553.8178,1109766
PUBG: BATTLEGROUNDS,November 2018,418159.48,-509.8225,895650
PUBG: BATTLEGROUNDS,October 2018,469141.74,-734.6531,1048662
PUBG: BATTLEGROUNDS,September 2018,542607.05,-767.1344,1125229
PUBG: BATTLEGROUNDS,August 2018,619320.48,-692.9993,1260894
PUBG: BATTLEGROUNDS,July 2018,688620.42,-1120.4781,1350463
PUBG: BATTLEGROUNDS,June 2018,800668.23,-755.1241,1750216
PUBG: BATTLEGROUNDS,May 2018,876180.64,-2310.0116,2175704
PUBG: BATTLEGROUNDS,April 2018,1107181.8,-1882.2679,2456361
PUBG: BATTLEGROUNDS,March 2018,1295408.59,-956.0671000000001,2799269
PUBG: BATTLEGROUNDS,February 2018,1391015.3,-1938.7148000000002,2934761
PUBG: BATTLEGROUNDS,January 2018,1584886.77,1487.2826,3236027
PUBG: BATTLEGROUNDS,December 2017,1436158.51,1019.8842,3080769
PUBG: BATTLEGROUNDS,November 2017,1334170.09,2475.3123,2915723
PUBG: BATTLEGROUNDS,October 2017,1086638.87,4264.4612,2390946
PUBG: BATTLEGROUNDS,September 2017,660192.74,2706.6533,1550463
PUBG: BATTLEGROUNDS,August 2017,389527.42,1598.2572,874171
PUBG: BATTLEGROUNDS,July 2017,229701.7,897.9946000000001,481291
PUBG: BATTLEGROUNDS,June 2017,139902.24,324.6064,267194
PUBG: BATTLEGROUNDS,May 2017,107441.6,376.4663,189456
PUBG: BATTLEGROUNDS,April 2017,69794.98,522.4384,140104
PUBG: BATTLEGROUNDS,March 2017,17551.14,0.0,67846
Bongo Cat,Last 30 Days,132473.32,96.39,182047
Bongo Cat,April 2026,122834.35,-70.8542,174048
Bongo Cat,March 2026,129919.77,-21.0773,173349
Bongo Cat,February 2026,132027.5,24.327600000000004,171695
Bongo Cat,January 2026,129594.74,184.53150000000002,176292
Bongo Cat,December 2025,111141.59,244.8479,178015
Bongo Cat,November 2025,86656.8,-13.761099999999999,120791
Bongo Cat,October 2025,88032.91,-90.71379999999999,125794
Bongo Cat,September 2025,97104.29,182.00650000000002,136696
Bongo Cat,August 2025,78903.64,-373.10339999999997,129335
Bongo Cat,July 2025,116213.97,-351.3729,170427
Bongo Cat,June 2025,151351.26,115.4003,192501
Bongo Cat,May 2025,139811.24,332.0204,193859
Bongo Cat,April 2025,106609.2,750.2986999999999,179871
Bongo Cat,March 2025,31579.33,0.0,50099
Rust,Last 30 Days,100335.92,-30.159000000000002,188976
Rust,April 2026,103351.8,-32.1814,203177
Rust,March 2026,106569.94,-158.06969999999998,200309
Rust,February 2026,122376.91,13.7412,228230
Rust,January 2026,121002.79,155.1839,246562
Rust,December 2025,105484.4,72.7167,174558
Rust,November 2025,98212.73,8.017999999999999,184595
Rust,October 2025,97410.93,118.9593,178836
Rust,September 2025,85515.0,-175.0284,152247
Rust,August 2025,103017.83,8.5889,190383
Rust,July 2025,102158.94,36.9596,187345
Rust,June 2025,98462.98,-70.60470000000001,191730
Rust,May 2025,105523.45,77.1889,203367
Rust,April 2025,97804.56,-137.792,187702
Rust,March 2025,111583.76,-99.8532,203220
Rust,February 2025,121569.09,-29.2704,232431
Rust,January 2025,124496.12,118.9065,259646
Rust,December 2024,112605.48,167.40419999999997,191133
Rust,November 2024,95865.05,60.8846,182603
Rust,October 2024,89776.59,135.3091,168999
Rust,September 2024,76245.68,-143.8733,134170
Rust,August 2024,90633.01,-25.4699,172427
Rust,July 2024,93180.0,-46.8084,173651
Rust,June 2024,97860.84,154.8708,175036
Rust,May 2024,82373.76,14.8838,153662
Rust,April 2024,80885.38,-13.5738,154488
Rust,March 2024,82242.76,1.2647,145916
Rust,February 2024,82116.29,-79.48989999999999,153738
Rust,January 2024,90065.28,60.486000000000004,190886
Rust,December 2023,84016.68,150.03979999999999,143038
Rust,November 2023,69012.7,-3.4307,137752
Rust,October 2023,69355.77,0.6332,130885
Rust,September 2023,69292.44,-141.71290000000002,127530
Rust,August 2023,83463.73,-121.8177,172249
Rust,July 2023,95645.5,37.2085,182335
Rust,June 2023,91924.65,41.7554,161921
Rust,May 2023,87749.11,52.1203,155431
Rust,April 2023,82537.08,-18.5885,156367
Rust,March 2023,84395.94,-56.0934,150953
Rust,February 2023,90005.28,-52.681400000000004,167827
Rust,January 2023,95273.42,94.5698,176710
Rust,December 2022,85816.44,129.796,138675
Rust,November 2022,72836.84,8.5439,133364
Rust,October 2022,71982.45,-41.896899999999995,118874
Rust,September 2022,76172.14,-68.9184,127912
Rust,August 2022,83063.98,42.2279,134919
Rust,July 2022,78841.19,-31.456500000000002,137057
Rust,June 2022,81986.84,90.56450000000001,165120
Rust,May 2022,72930.39,-77.8544,133789
Rust,April 2022,80715.83,33.6817,141983
Rust,March 2022,77347.66,-92.1891,134559
Rust,February 2022,86566.57,-43.648900000000005,164990
Rust,January 2022,90931.46,153.2735,154747
Rust,December 2021,75604.11,59.5405,125911
Rust,November 2021,69650.06,40.9306,120659
Rust,October 2021,65556.99,-39.46,106571
Rust,September 2021,69502.99,-138.2921,122359
Rust,August 2021,83332.2,-94.91590000000001,155634
Rust,July 2021,92823.79,134.8228,147757
Rust,June 2021,79341.51,24.709,133566
Rust,May 2021,76870.61,-7.1963,144083
Rust,April 2021,77590.25,-87.7957,147933
Rust,March 2021,86369.82,-313.72450000000003,167088
Rust,February 2021,117742.27,-243.7498,224276
Rust,January 2021,142117.25,809.456,244394
Rust,December 2020,61171.65,57.6361,97445
Rust,November 2020,55408.03,68.5723,101365
Rust,October 2020,48550.8,21.2027,80422
Rust,September 2020,46430.53,-68.5711,76611
Rust,August 2020,53287.65,-49.5107,89147
Rust,July 2020,58238.72,78.21,97741
Rust,June 2020,50417.72,-69.2693,93513
Rust,May 2020,57344.65,-101.594,102051
Rust,April 2020,67504.05,90.6203,125415
Rust,March 2020,58442.03,83.6682,102296
Rust,February 2020,50075.2,-15.4519,92016
Rust,January 2020,51620.39,25.2555,97340
Rust,December 2019,49094.84,55.8688,81928
Rust,November 2019,43507.96,-31.9642,74292
Rust,October 2019,46704.38,-29.3173,82827
Rust,September 2019,49636.12,-88.95120000000001,80293
Rust,August 2019,58531.24,-37.2872,88929
Rust,July 2019,62259.96,171.2739,93595
Rust,June 2019,45132.57,93.51899999999999,81658
Rust,May 2019,35780.66,-24.2012,67338
Rust,April 2019,38200.78,-25.2451,72544
Rust,March 2019,40725.29,-17.061300000000003,77896
Rust,February 2019,42431.42,-37.6988,77622
Rust,January 2019,46201.3,35.7902,85208
Rust,December 2018,42622.28,49.1593,70775
Rust,November 2018,37706.36,58.8614,70969
Rust,October 2018,31820.22,45.010200000000005,58564
Rust,September 2018,27319.2,-41.690799999999996,48430
Rust,August 2018,31488.28,-51.7092,53885
Rust,July 2018,36659.19,63.503,65952
Rust,June 2018,30308.9,64.1511,54779
Rust,May 2018,23893.78,-21.532600000000002,46328
Rust,April 2018,26047.04,-30.2777,51233
Rust,March 2018,29074.81,-44.324600000000004,57873
Rust,February 2018,33507.28,-11.6153,68204
Rust,January 2018,34668.81,16.9481,67410
Rust,December 2017,32974.0,48.267700000000005,60373
Rust,November 2017,28147.23,23.8673,57223
Rust,October 2017,25760.5,41.6509,49984
Rust,September 2017,21595.41,-39.6261,40577
Rust,August 2017,25558.02,-40.0508,43117
Rust,July 2017,29563.1,2.7767,53425
Rust,June 2017,29285.43,39.051500000000004,48228
Rust,May 2017,25380.27,-32.085300000000004,46948
Rust,April 2017,28588.81,-38.501799999999996,53621
Rust,March 2017,32438.98,-39.6456,66194
Rust,February 2017,36403.55,24.0364,68103
Rust,January 2017,33999.91,50.2499,63843
Rust,December 2016,28974.92,60.9572,49147
Rust,November 2016,22879.2,-15.2698,47571
Rust,October 2016,24406.17,-18.6362,48435
Rust,September 2016,26269.79,-41.627399999999994,50680
Rust,August 2016,30432.53,-5.1722,50364
Rust,July 2016,30949.75,55.8878,64555
Rust,June 2016,25360.97,-1.3691,45791
Rust,May 2016,25497.88,-1.0806,47100
Rust,April 2016,25605.94,-16.616600000000002,49920
Rust,March 2016,27267.6,-51.2697,55147
Rust,February 2016,32394.57,47.475100000000005,61260
Rust,January 2016,27647.06,91.73,50628
Rust,December 2015,18474.06,54.124300000000005,38110
Rust,November 2015,13061.63,-0.4448,26697
Rust,October 2015,13106.11,6.9525,24201
Rust,September 2015,12410.86,-24.592100000000002,24075
Rust,August 2015,14870.06,10.523599999999998,25352
Rust,July 2015,13817.71,0.8206,22622
Rust,June 2015,13735.65,-0.8417,27177
Rust,May 2015,13819.82,56.830799999999996,25625
Rust,April 2015,8136.74,-1.3376,16636
Rust,March 2015,8270.49,-11.022,16341
Rust,February 2015,9372.69,-12.183699999999998,20267
Rust,January 2015,10591.06,44.3966,22303
Rust,December 2014,6151.4,7.6728,11826
Rust,November 2014,5384.12,-9.8843,12062
Rust,October 2014,6372.55,0.2586,12294
Rust,September 2014,6346.7,-23.938499999999998,11040
Rust,August 2014,8740.55,-13.9193,12764
Rust,July 2014,10132.47,-18.0576,15027
Rust,June 2014,11938.23,-12.1272,18081
Rust,May 2014,13150.96,-45.080200000000005,24306
Rust,April 2014,17658.98,-72.1516,31321
Rust,March 2014,24874.13,-98.7931,48870
Rust,February 2014,34753.45,98.7863,58973
Rust,January 2014,24874.82,156.6905,51872
Rust,December 2013,9205.77,0.0,22571
Marvel Rivals,Last 30 Days,67626.69,-24.892,131986
Marvel Rivals,April 2026,70115.93,49.659,140505
Marvel Rivals,March 2026,65150.02,-162.17600000000002,141041
Marvel Rivals,February 2026,81367.62,-74.2239,152784
Marvel Rivals,January 2026,88790.01,132.984,199788
Marvel Rivals,December 2025,75491.61,101.9012,152267
Marvel Rivals,November 2025,65301.49,15.857999999999999,124050
Marvel Rivals,October 2025,63715.7,-7.0185,127557
Marvel Rivals,September 2025,64417.54,-130.8468,131528
Marvel Rivals,August 2025,77502.23,-53.228500000000004,149457
Marvel Rivals,July 2025,82825.08,30.1931,162931
Marvel Rivals,June 2025,79805.77,-223.1071,158539
Marvel Rivals,May 2025,102116.47,-320.0166,189945
Marvel Rivals,April 2025,134118.13,-101.8372,315153
Marvel Rivals,March 2025,144301.85,-836.9773,307057
Marvel Rivals,February 2025,227999.59,-780.6613000000001,437272
Marvel Rivals,January 2025,306065.72,266.6343,642333
Marvel Rivals,December 2024,279402.29,0.0,418832
Apex Legends™,Last 30 Days,126729.01,23.418000000000003,324964
Apex Legends™,April 2026,124387.18,127.8379,301520
Apex Legends™,March 2026,111603.39,227.0352,287202
Apex Legends™,February 2026,88899.87,24.6715,203439
Apex Legends™,January 2026,86432.72,76.5181,206450
Apex Legends™,December 2025,78780.9,-112.0226,191112
Apex Legends™,November 2025,89983.17,163.29049999999998,229804
Apex Legends™,October 2025,73654.11,-101.18469999999999,181156
Apex Legends™,September 2025,83772.59,-178.9991,199203
Apex Legends™,August 2025,101672.5,111.0538,248781
Apex Legends™,July 2025,90567.12,-163.66809999999998,209736
Apex Legends™,June 2025,106933.93,-277.1269,250796
Apex Legends™,May 2025,134646.62,278.0582,262219
Apex Legends™,April 2025,106840.8,165.6441,199349
Apex Legends™,March 2025,90276.4,-48.2308,185193
Apex Legends™,February 2025,95099.47,255.19259999999997,225810
Apex Legends™,January 2025,69580.22,-46.1617,153693
Apex Legends™,December 2024,74196.38,-171.65689999999998,174720
Apex Legends™,November 2024,91362.07,62.595299999999995,225795
Apex Legends™,October 2024,85102.53,-221.2477,184035
Apex Legends™,September 2024,107227.3,-127.8126,249334
Apex Legends™,August 2024,120008.56,32.6134,314327
Apex Legends™,July 2024,116747.21,-229.8921,265369
Apex Legends™,June 2024,139736.43,-276.8802,326928
Apex Legends™,May 2024,167424.45,6.5663,425742
Apex Legends™,April 2024,166767.82,-224.5072,430800
Apex Legends™,March 2024,189218.54,35.5693,463933
Apex Legends™,February 2024,185661.61,394.9742,469431
Apex Legends™,January 2024,146164.19,17.1643,344621
Apex Legends™,December 2023,144447.76,-228.479,348791
Apex Legends™,November 2023,167295.65,-141.2475,438349
Apex Legends™,October 2023,181420.4,-50.740100000000005,435229
Apex Legends™,September 2023,186494.41,-23.9741,452991
Apex Legends™,August 2023,188891.82,226.9273,451223
Apex Legends™,July 2023,166199.09,-229.01930000000002,349762
Apex Legends™,June 2023,189101.02,-388.4642,446463
Apex Legends™,May 2023,227947.44,51.9797,584294
Apex Legends™,April 2023,222749.48,-330.4272,562634
Apex Legends™,March 2023,255792.2,-16.2447,603290
Apex Legends™,February 2023,257416.67,594.4765,624473
Apex Legends™,January 2023,197969.02,270.8629,413670
Apex Legends™,December 2022,170882.73,-14.6276,411891
Apex Legends™,November 2022,172345.48,1.6881,403157
Apex Legends™,October 2022,172176.67,-496.49949999999995,386994
Apex Legends™,September 2022,221826.62,-86.0624,497242
Apex Legends™,August 2022,230432.87,472.7156,510286
Apex Legends™,July 2022,183161.31,54.2487,347314
Apex Legends™,June 2022,177736.44,-178.15200000000002,352659
Apex Legends™,May 2022,195551.63,29.5312,411183
Apex Legends™,April 2022,192598.51,90.0183,370651
Apex Legends™,March 2022,183596.68,-200.57080000000002,353623
Apex Legends™,February 2022,203653.75,580.7081,392998
Apex Legends™,January 2022,145582.94,234.74669999999998,264287
Apex Legends™,December 2021,122108.27,-141.3762,242823
Apex Legends™,November 2021,136245.89,77.16460000000001,318330
Apex Legends™,October 2021,128529.43,-111.18530000000001,248669
Apex Legends™,September 2021,139647.96,-298.8022,273617
Apex Legends™,August 2021,169528.17,383.77099999999996,330476
Apex Legends™,July 2021,131151.07,-52.8883,262129
Apex Legends™,June 2021,136439.9,-277.9811,266591
Apex Legends™,May 2021,164238.01,393.3288,330879
Apex Legends™,April 2021,124905.13,-12.1593,217728
Apex Legends™,March 2021,126121.06,51.3842,228439
Apex Legends™,February 2021,120982.64,492.159,196799
Apex Legends™,January 2021,71766.74,72.9699,129928
Apex Legends™,December 2020,64469.75,-104.875,112076
Apex Legends™,November 2020,74957.26,0.0,117193
Tom Clancy's Rainbow Six Siege,Last 30 Days,59759.09,-44.111999999999995,100533
Tom Clancy's Rainbow Six Siege,April 2026,64170.28,-86.0678,108907
Tom Clancy's Rainbow Six Siege,March 2026,72777.06,187.7281,138483
Tom Clancy's Rainbow Six Siege,February 2026,54004.25,72.7099,110858
Tom Clancy's Rainbow Six Siege,January 2026,46733.26,67.5846,88076
Tom Clancy's Rainbow Six Siege,December 2025,39974.8,80.9781,67233
Tom Clancy's Rainbow Six Siege,November 2025,31876.99,-33.4179,51335
Tom Clancy's Rainbow Six Siege,October 2025,35218.79,-161.19799999999998,63002
Tom Clancy's Rainbow Six Siege,September 2025,51338.59,-103.1155,93669
Tom Clancy's Rainbow Six Siege,August 2025,61650.14,-124.9495,100140
Tom Clancy's Rainbow Six Siege,July 2025,74145.09,-63.021300000000004,111052
Tom Clancy's Rainbow Six Siege,June 2025,80447.23,293.6213,141309
Tom Clancy's Rainbow Six Siege,May 2025,51085.1,-109.251,88409
Tom Clancy's Rainbow Six Siege,April 2025,62010.19,-184.84529999999998,105998
Tom Clancy's Rainbow Six Siege,March 2025,80494.73,202.3623,145490
Tom Clancy's Rainbow Six Siege,February 2025,60258.5,42.4283,100940
Tom Clancy's Rainbow Six Siege,January 2025,56015.67,84.9808,95600
Tom Clancy's Rainbow Six Siege,December 2024,47517.59,117.5393,76821
Tom Clancy's Rainbow Six Siege,November 2024,35763.66,-86.5099,59030
Tom Clancy's Rainbow Six Siege,October 2024,44414.65,-70.32220000000001,76108
Tom Clancy's Rainbow Six Siege,September 2024,51446.86,11.7456,91165
Tom Clancy's Rainbow Six Siege,August 2024,50272.3,-18.4025,75457
Tom Clancy's Rainbow Six Siege,July 2024,52112.55,-57.5198,73646
Tom Clancy's Rainbow Six Siege,June 2024,57864.53,-27.160300000000003,88626
Tom Clancy's Rainbow Six Siege,May 2024,60580.55,-309.1262,100331
Tom Clancy's Rainbow Six Siege,April 2024,91493.17,-143.31969999999998,155546
Tom Clancy's Rainbow Six Siege,March 2024,105825.14,482.5607,200476
Tom Clancy's Rainbow Six Siege,February 2024,57569.07,72.9372,101985
Tom Clancy's Rainbow Six Siege,January 2024,50275.35,82.1977,83645
Tom Clancy's Rainbow Six Siege,December 2023,42055.58,52.41,62190
Tom Clancy's Rainbow Six Siege,November 2023,36814.58,-152.69889999999998,59597
Tom Clancy's Rainbow Six Siege,October 2023,52084.47,-66.8306,94953
Tom Clancy's Rainbow Six Siege,September 2023,58767.53,68.6107,95149
Tom Clancy's Rainbow Six Siege,August 2023,51906.45,24.7403,83901
Tom Clancy's Rainbow Six Siege,July 2023,49432.42,40.5751,70979
Tom Clancy's Rainbow Six Siege,June 2023,45374.91,50.330600000000004,68292
Tom Clancy's Rainbow Six Siege,May 2023,40341.85,-53.5269,66908
Tom Clancy's Rainbow Six Siege,April 2023,45694.54,-42.6262,79348
Tom Clancy's Rainbow Six Siege,March 2023,49957.15,83.1352,88146
Tom Clancy's Rainbow Six Siege,February 2023,41643.63,-20.4905,65006
Tom Clancy's Rainbow Six Siege,January 2023,43692.68,47.7523,66780
Tom Clancy's Rainbow Six Siege,December 2022,38917.45,154.4717,63872
Tom Clancy's Rainbow Six Siege,November 2022,23470.28,-47.9027,45282
Tom Clancy's Rainbow Six Siege,October 2022,28260.54,-65.9145,54769
Tom Clancy's Rainbow Six Siege,September 2022,34852.0,-1.2988,66141
Tom Clancy's Rainbow Six Siege,August 2022,34981.88,-41.9938,60463
Tom Clancy's Rainbow Six Siege,July 2022,39181.26,5.499700000000001,64470
Tom Clancy's Rainbow Six Siege,June 2022,38631.29,17.7173,69997
Tom Clancy's Rainbow Six Siege,May 2022,36859.56,-82.31120000000001,72038
Tom Clancy's Rainbow Six Siege,April 2022,45090.68,-16.5496,93429
Tom Clancy's Rainbow Six Siege,March 2022,46745.65,28.7827,108630
Tom Clancy's Rainbow Six Siege,February 2022,43867.38,-11.2545,78263
Tom Clancy's Rainbow Six Siege,January 2022,44992.83,13.187100000000001,74819
Tom Clancy's Rainbow Six Siege,December 2021,43674.12,58.1616,83292
Tom Clancy's Rainbow Six Siege,November 2021,37857.97,-51.585100000000004,71142
Tom Clancy's Rainbow Six Siege,October 2021,43016.48,-81.2321,79691
Tom Clancy's Rainbow Six Siege,September 2021,51139.69,12.3349,111554
Tom Clancy's Rainbow Six Siege,August 2021,49906.2,-35.678200000000004,93643
Tom Clancy's Rainbow Six Siege,July 2021,53474.02,-14.8663,89513
Tom Clancy's Rainbow Six Siege,June 2021,54960.64,-33.1342,100214
Tom Clancy's Rainbow Six Siege,May 2021,58274.07,-163.42340000000002,108281
Tom Clancy's Rainbow Six Siege,April 2021,74616.41,-105.40799999999999,142422
Tom Clancy's Rainbow Six Siege,March 2021,85157.21,127.7445,199830
Tom Clancy's Rainbow Six Siege,February 2021,72382.76,-53.346599999999995,113338
Tom Clancy's Rainbow Six Siege,January 2021,77717.42,69.9592,123637
Tom Clancy's Rainbow Six Siege,December 2020,70721.5,154.1404,123374
Tom Clancy's Rainbow Six Siege,November 2020,55307.46,-76.4875,94968
Tom Clancy's Rainbow Six Siege,October 2020,62956.21,-125.87129999999999,114281
Tom Clancy's Rainbow Six Siege,September 2020,75543.34,73.3809,163478
Tom Clancy's Rainbow Six Siege,August 2020,68205.26,-80.73939999999999,127249
Tom Clancy's Rainbow Six Siege,July 2020,76279.2,60.786899999999996,122438
Tom Clancy's Rainbow Six Siege,June 2020,70200.51,-98.988,126733
Tom Clancy's Rainbow Six Siege,May 2020,80099.3,-284.1526,146359
Tom Clancy's Rainbow Six Siege,April 2020,108514.57,-113.6331,194102
Tom Clancy's Rainbow Six Siege,March 2020,119877.88,222.1054,198567
Tom Clancy's Rainbow Six Siege,February 2020,97667.34,34.8155,178824
Tom Clancy's Rainbow Six Siege,January 2020,94185.78,159.57059999999998,157948
Tom Clancy's Rainbow Six Siege,December 2019,78228.73,117.29450000000001,138681
Tom Clancy's Rainbow Six Siege,November 2019,66499.28,8.668,123848
Tom Clancy's Rainbow Six Siege,October 2019,65632.48,-122.90280000000001,125590
Tom Clancy's Rainbow Six Siege,September 2019,77922.76,39.6648,148365
Tom Clancy's Rainbow Six Siege,August 2019,73956.28,-34.5479,138827
Tom Clancy's Rainbow Six Siege,July 2019,77411.07,-6.4826999999999995,128458
Tom Clancy's Rainbow Six Siege,June 2019,78059.34,188.8725,140274
Tom Clancy's Rainbow Six Siege,May 2019,59172.09,-21.793699999999998,115381
Tom Clancy's Rainbow Six Siege,April 2019,61351.45,-82.3656,124989
Tom Clancy's Rainbow Six Siege,March 2019,69588.02,-34.096399999999996,134776
Tom Clancy's Rainbow Six Siege,February 2019,72997.66,-61.781000000000006,136018
Tom Clancy's Rainbow Six Siege,January 2019,79175.76,83.10430000000001,137434
Tom Clancy's Rainbow Six Siege,December 2018,70865.32,129.6239,129558
Tom Clancy's Rainbow Six Siege,November 2018,57902.93,-45.2571,115820
Tom Clancy's Rainbow Six Siege,October 2018,62428.64,-112.4823,123794
Tom Clancy's Rainbow Six Siege,September 2018,73676.87,-1.3952,143866
Tom Clancy's Rainbow Six Siege,August 2018,73816.38,55.7538,134159
Tom Clancy's Rainbow Six Siege,July 2018,68241.0,18.642,116054
Tom Clancy's Rainbow Six Siege,June 2018,66376.81,32.8399,141630
Tom Clancy's Rainbow Six Siege,May 2018,63092.81,-11.706199999999999,142362
Tom Clancy's Rainbow Six Siege,April 2018,64263.44,-188.4885,124813
Tom Clancy's Rainbow Six Siege,March 2018,83112.29,143.16049999999998,176208
Tom Clancy's Rainbow Six Siege,February 2018,68796.24,53.2142,125133
Tom Clancy's Rainbow Six Siege,January 2018,63474.82,40.6316,109103
Tom Clancy's Rainbow Six Siege,December 2017,59411.66,179.27990000000003,100433
Tom Clancy's Rainbow Six Siege,November 2017,41483.67,98.6486,99110
Tom Clancy's Rainbow Six Siege,October 2017,31618.81,-48.3006,59895
Tom Clancy's Rainbow Six Siege,September 2017,36448.87,25.2569,69988
Tom Clancy's Rainbow Six Siege,August 2017,33923.18,55.4454,73641
Tom Clancy's Rainbow Six Siege,July 2017,28378.64,42.9492,47328
Tom Clancy's Rainbow Six Siege,June 2017,24083.72,2.7965,43057
Tom Clancy's Rainbow Six Siege,May 2017,23804.07,-11.718800000000002,43606
Tom Clancy's Rainbow Six Siege,April 2017,24975.95,-11.036800000000001,47040
Tom Clancy's Rainbow Six Siege,March 2017,26079.63,-44.8863,47994
Tom Clancy's Rainbow Six Siege,February 2017,30568.27,98.6156,65189
Tom Clancy's Rainbow Six Siege,January 2017,20706.7,35.2983,34616
Tom Clancy's Rainbow Six Siege,December 2016,17176.87,18.213800000000003,30859
Tom Clancy's Rainbow Six Siege,November 2016,15355.49,47.635600000000004,42265
Tom Clancy's Rainbow Six Siege,October 2016,10591.93,1.8024,19467
Tom Clancy's Rainbow Six Siege,September 2016,10411.69,-35.5954,18099
Tom Clancy's Rainbow Six Siege,August 2016,13971.23,31.1699,32084
Tom Clancy's Rainbow Six Siege,July 2016,10854.23,18.5149,39382
Tom Clancy's Rainbow Six Siege,June 2016,9002.74,19.3304,15295
Tom Clancy's Rainbow Six Siege,May 2016,7069.7,-5.7386,14447
Tom Clancy's Rainbow Six Siege,April 2016,7643.56,15.181,29170
Tom Clancy's Rainbow Six Siege,March 2016,6125.46,-31.3802,11234
Tom Clancy's Rainbow Six Siege,February 2016,9263.47,-9.8081,16044
Tom Clancy's Rainbow Six Siege,January 2016,10244.29,23.0284,20006
Tom Clancy's Rainbow Six Siege,December 2015,7941.45,0.0,18130
Slay the Spire 2,Last 30 Days,114980.59,-580.246,230185
Slay the Spire 2,April 2026,173005.23,-1064.0675999999999,358577
Slay the Spire 2,March 2026,279411.99,0.0,574638
Dead by Daylight,Last 30 Days,50488.27,13.845,86738
Dead by Daylight,April 2026,49103.75,28.807199999999998,77398
Dead by Daylight,March 2026,46223.03,-90.73379999999999,84502
Dead by Daylight,February 2026,55296.41,60.0871,93286
Dead by Daylight,January 2026,49287.7,106.6011,96633
Dead by Daylight,December 2025,38627.59,-84.5229,57962
Dead by Daylight,November 2025,47079.88,-43.815200000000004,82802
Dead by Daylight,October 2025,51461.4,40.723,90008
Dead by Daylight,September 2025,47389.1,-121.3292,78689
Dead by Daylight,August 2025,59522.02,-40.1455,104570
Dead by Daylight,July 2025,63536.57,70.4668,96818
Dead by Daylight,June 2025,56489.89,143.0332,120430
Dead by Daylight,May 2025,42186.57,7.3721000000000005,82506
Dead by Daylight,April 2025,41449.36,97.2367,71375
Dead by Daylight,March 2025,31725.69,-39.1144,50802
Dead by Daylight,February 2025,35637.13,51.1527,66219
Dead by Daylight,January 2025,30521.87,-8.5275,44111
Dead by Daylight,December 2024,31374.61,-71.9325,46522
Dead by Daylight,November 2024,38567.86,-11.292300000000001,68157
Dead by Daylight,October 2024,39697.1,14.4256,70208
Dead by Daylight,September 2024,38254.54,-26.250700000000002,59668
Dead by Daylight,August 2024,40879.61,2.3441,62754
Dead by Daylight,July 2024,40645.2,-41.6091,99859
Dead by Daylight,June 2024,44806.11,89.8074,83741
Dead by Daylight,May 2024,35825.37,27.7909,62610
Dead by Daylight,April 2024,33046.27,-92.3657,56673
Dead by Daylight,March 2024,42282.84,100.98299999999999,71444
Dead by Daylight,February 2024,32184.55,38.4049,48792
Dead by Daylight,January 2024,28344.06,-29.1475,42401
Dead by Daylight,December 2023,31258.81,-13.7906,50431
Dead by Daylight,November 2023,32637.87,15.4012,57906
Dead by Daylight,October 2023,31097.75,9.1662,60779
Dead by Daylight,September 2023,30181.13,-59.0396,49617
Dead by Daylight,August 2023,36085.09,-50.674099999999996,56455
Dead by Daylight,July 2023,41152.51,10.3932,66799
Dead by Daylight,June 2023,40113.19,92.68889999999999,87747
Dead by Daylight,May 2023,30844.29,7.8276,47348
Dead by Daylight,April 2023,30061.53,-28.6588,46191
Dead by Daylight,March 2023,32927.41,7.444,55808
Dead by Daylight,February 2023,32183.02,-14.3227,48520
Dead by Daylight,January 2023,33615.29,9.3079,51637
Dead by Daylight,December 2022,32684.5,-9.0742,46470
Dead by Daylight,November 2022,33591.92,-44.7988,55272
Dead by Daylight,October 2022,38071.81,1.4638999999999998,67565
Dead by Daylight,September 2022,37925.41,22.7619,66113
Dead by Daylight,August 2022,35649.22,-13.098099999999999,70127
Dead by Daylight,July 2022,36959.03,-121.8282,68130
Dead by Daylight,June 2022,49141.85,170.94009999999997,96390
Dead by Daylight,May 2022,32047.85,20.9972,50818
Dead by Daylight,April 2022,29948.12,-44.4666,47960
Dead by Daylight,March 2022,34394.78,-18.1226,53766
Dead by Daylight,February 2022,36207.04,-39.2198,52508
Dead by Daylight,January 2022,40129.02,-45.1044,62074
Dead by Daylight,December 2021,44639.46,-3.1923000000000004,73945
Dead by Daylight,November 2021,44958.69,-52.0277,76930
Dead by Daylight,October 2021,50161.46,-12.2928,100416
Dead by Daylight,September 2021,51390.73,2.6268000000000002,82776
Dead by Daylight,August 2021,51128.06,-113.5969,75217
Dead by Daylight,July 2021,62487.74,137.1923,96393
Dead by Daylight,June 2021,48768.51,81.6602,105052
Dead by Daylight,May 2021,40602.49,27.353,86430
Dead by Daylight,April 2021,37867.2,37.0115,55071
Dead by Daylight,March 2021,34166.04,-11.824100000000001,56338
Dead by Daylight,February 2021,35348.46,-9.9404,52322
Dead by Daylight,January 2021,36342.49,7.1030999999999995,53583
Dead by Daylight,December 2020,35632.18,-6.509600000000001,54526
Dead by Daylight,November 2020,36283.14,28.1021,75075
Dead by Daylight,October 2020,33472.92,-64.2543,77347
Dead by Daylight,September 2020,39898.35,-2.4994,76258
Dead by Daylight,August 2020,40148.29,-3.8879,58910
Dead by Daylight,July 2020,40537.08,0.5717,66429
Dead by Daylight,June 2020,40479.91,67.4727,77341
Dead by Daylight,May 2020,33732.64,13.3998,57799
Dead by Daylight,April 2020,32392.67,20.4552,58477
Dead by Daylight,March 2020,30347.14,69.2591,51146
Dead by Daylight,February 2020,23421.23,-1.6092,38942
Dead by Daylight,January 2020,23582.15,4.7935,44620
Dead by Daylight,December 2019,23102.8,-3.6058,38177
Dead by Daylight,November 2019,23463.37,30.7929,52818
Dead by Daylight,October 2019,20384.08,-30.746799999999997,46399
Dead by Daylight,September 2019,23458.77,42.0546,49308
Dead by Daylight,August 2019,19253.31,1.5067,29281
Dead by Daylight,July 2019,19102.64,-24.031,28581
Dead by Daylight,June 2019,21505.73,9.4108,40782
Dead by Daylight,May 2019,20564.66,36.0465,75044
Dead by Daylight,April 2019,16960.01,5.7926,34038
Dead by Daylight,March 2019,16380.76,-27.960300000000004,26669
Dead by Daylight,February 2019,19176.79,-29.022800000000004,37289
Dead by Daylight,January 2019,22079.07,23.5653,41441
Dead by Daylight,December 2018,19722.54,11.985199999999999,38560
Dead by Daylight,November 2018,18524.02,-39.7189,40901
Dead by Daylight,October 2018,22495.91,6.0601,51065
Dead by Daylight,September 2018,21889.9,23.636599999999998,62756
Dead by Daylight,August 2018,19526.24,-26.226999999999997,36374
Dead by Daylight,July 2018,22148.94,26.4276,46865
Dead by Daylight,June 2018,19506.18,57.12,36423
Dead by Daylight,May 2018,13794.19,12.030999999999999,36414
Dead by Daylight,April 2018,12591.08,-6.649400000000001,22439
Dead by Daylight,March 2018,13256.02,-34.5744,23707
Dead by Daylight,February 2018,16713.46,20.8722,33397
Dead by Daylight,January 2018,14626.25,10.205599999999999,33164
Dead by Daylight,December 2017,13605.69,-7.511,26850
Dead by Daylight,November 2017,14356.79,-5.2665,31039
Dead by Daylight,October 2017,14883.44,3.9281,36343
Dead by Daylight,September 2017,14490.63,21.2837,38698
Dead by Daylight,August 2017,12362.26,20.6992,27166
Dead by Daylight,July 2017,10292.33,3.3564999999999996,23814
Dead by Daylight,June 2017,9956.68,10.352,22352
Dead by Daylight,May 2017,8921.47,5.0544,20067
Dead by Daylight,April 2017,8416.03,-11.383199999999999,17124
Dead by Daylight,March 2017,9554.36,-17.8381,20082
Dead by Daylight,February 2017,11338.16,-37.8872,23442
Dead by Daylight,January 2017,15126.89,-19.131500000000003,31992
Dead by Daylight,December 2016,17040.03,20.686999999999998,42895
Dead by Daylight,November 2016,14971.33,26.4733,29783
Dead by Daylight,October 2016,12324.01,-5.3778,29147
Dead by Daylight,September 2016,12861.78,-29.709400000000002,24120
Dead by Daylight,August 2016,15832.73,24.9379,42268
Dead by Daylight,July 2016,13338.93,20.9116,23743
Dead by Daylight,June 2016,11247.77,0.0,18011
Overwatch®,Last 30 Days,54051.94,-45.798,77582
Overwatch®,April 2026,58631.77,-87.8468,92215
Overwatch®,March 2026,67416.45,-38.661300000000004,112793
Overwatch®,February 2026,71282.58,433.32370000000003,164636
Overwatch®,January 2026,27950.22,-14.978800000000001,42705
Overwatch®,December 2025,29448.1,22.019699999999997,51561
Overwatch®,November 2025,27246.12,-19.8694,40465
Overwatch®,October 2025,29233.06,-14.918299999999999,50626
Overwatch®,September 2025,30724.89,34.3668,46341
Overwatch®,August 2025,27288.21,53.6208,58060
Overwatch®,July 2025,21926.13,-13.2822,30153
Overwatch®,June 2025,23254.35,-25.9195,37106
Overwatch®,May 2025,25846.3,0.30760000000000004,40006
Overwatch®,April 2025,25815.54,10.3204,59939
Overwatch®,March 2025,24783.49,6.9364,40105
Overwatch®,February 2025,24089.86,45.8108,58897
Overwatch®,January 2025,19508.78,-57.8307,36182
Overwatch®,December 2024,25291.85,-69.6544,48626
Overwatch®,November 2024,32257.29,-20.8229,56607
Overwatch®,October 2024,34339.59,-10.6646,58217
Overwatch®,September 2024,35406.04,7.736000000000001,59499
Overwatch®,August 2024,34632.44,52.3886,58937
Overwatch®,July 2024,29393.58,11.988599999999998,51648
Overwatch®,June 2024,28194.72,-4.3115,50230
Overwatch®,May 2024,28625.86,-10.8698,51505
Overwatch®,April 2024,29712.84,31.325,60819
Overwatch®,March 2024,26580.34,19.0323,45666
Overwatch®,February 2024,24677.11,45.2458,41298
Overwatch®,January 2024,20152.53,-5.9014,35307
Overwatch®,December 2023,20742.67,0.0626,38536
Overwatch®,November 2023,20736.42,14.3497,38886
Overwatch®,October 2023,19301.44,14.3804,37788
Overwatch®,September 2023,17863.41,-104.63770000000001,33414
Overwatch®,August 2023,28327.17,0.0,75361
ARC Raiders,Last 30 Days,63709.51,-122.42200000000001,134154
ARC Raiders,April 2026,75951.73,-363.6048,154498
ARC Raiders,March 2026,112312.2,-587.2511,250148
ARC Raiders,February 2026,171037.32,-701.5936,372367
ARC Raiders,January 2026,241196.68,118.2317,465097
ARC Raiders,December 2025,229373.5,-350.56080000000003,438427
ARC Raiders,November 2025,264429.58,0.0,459483
Geometry Dash,Last 30 Days,53188.74,-28.165,92136
Geometry Dash,April 2026,56005.29,-41.9893,95167
Geometry Dash,March 2026,60204.23,5.0525,108707
Geometry Dash,February 2026,59698.98,10.7643,107661
Geometry Dash,January 2026,58622.54,44.78,104819
Geometry Dash,December 2025,54144.55,159.9553,94351
Geometry Dash,November 2025,38149.01,171.37400000000002,76230
Geometry Dash,October 2025,21011.61,5.9338999999999995,38431
Geometry Dash,September 2025,20418.22,-46.6915,36234
Geometry Dash,August 2025,25087.37,-33.204299999999996,38009
Geometry Dash,July 2025,28407.81,-24.121100000000002,43580
Geometry Dash,June 2025,30819.92,35.893299999999996,50092
Geometry Dash,May 2025,27230.59,75.08359999999999,49414
Geometry Dash,April 2025,19722.23,38.7053,38138
Geometry Dash,March 2025,15851.7,19.6019,28520
Geometry Dash,February 2025,13891.5,-0.691,22912
Geometry Dash,January 2025,13960.6,0.5953,22824
Geometry Dash,December 2024,13901.08,2.424,21815
Geometry Dash,November 2024,13658.68,-2.7751,23434
Geometry Dash,October 2024,13936.19,4.039,23901
Geometry Dash,September 2024,13532.29,-3.0868,23498
Geometry Dash,August 2024,13840.97,-2.5057,20983
Geometry Dash,July 2024,14091.54,3.9015,19806
Geometry Dash,June 2024,13701.39,-1.7953000000000001,21890
Geometry Dash,May 2024,13880.91,-7.2139,24014
Geometry Dash,April 2024,14602.3,-25.9021,24896
Geometry Dash,March 2024,17192.51,-39.337399999999995,31109
Geometry Dash,February 2024,21126.25,-68.89489999999999,37425
Geometry Dash,January 2024,28015.74,51.8881,47127
Geometry Dash,December 2023,22826.93,88.05879999999999,86123
Geometry Dash,November 2023,14021.05,-32.1479,26104
Geometry Dash,October 2023,17235.84,5.5273,31763
Geometry Dash,September 2023,16683.11,25.7601,30741
Geometry Dash,August 2023,14107.1,29.3452,24137
Geometry Dash,July 2023,11172.58,4.993399999999999,16111
Geometry Dash,June 2023,10673.24,20.7568,16091
Geometry Dash,May 2023,8597.56,15.465,15364
Geometry Dash,April 2023,7051.06,3.9995,12931
Geometry Dash,March 2023,6651.11,-2.8087999999999997,11613
Geometry Dash,February 2023,6931.99,-7.5102,12844
Geometry Dash,January 2023,7683.02,-7.7983,13558
Geometry Dash,December 2022,8462.84,-1.2131999999999998,14491
Geometry Dash,November 2022,8584.17,-3.1976,15383
Geometry Dash,October 2022,8903.92,1.2215,16384
Geometry Dash,September 2022,8781.77,7.7494000000000005,16139
Geometry Dash,August 2022,8006.83,4.2863999999999995,13209
Geometry Dash,July 2022,7578.19,-2.1428,10964
Geometry Dash,June 2022,7792.48,0.6701999999999999,12409
Geometry Dash,May 2022,7725.46,3.6225,13655
Geometry Dash,April 2022,7363.21,5.3964,12786
Geometry Dash,March 2022,6823.57,-5.4147,12046
Geometry Dash,February 2022,7365.05,-1.9615,12412
Geometry Dash,January 2022,7561.2,2.1482,12569
Geometry Dash,December 2021,7346.38,-2.0734,11776
Geometry Dash,November 2021,7553.73,-5.5455,12961
Geometry Dash,October 2021,8108.28,-1.3584,15038
Geometry Dash,September 2021,8244.11,-2.8693,14100
Geometry Dash,August 2021,8531.04,0.2811,13541
Geometry Dash,July 2021,8502.93,2.6756,13162
Geometry Dash,June 2021,8235.37,10.7823,13381
Geometry Dash,May 2021,7157.14,11.1,12132
Geometry Dash,April 2021,6047.14,1.1222,9735
Geometry Dash,March 2021,5934.92,-2.6761,9014
Geometry Dash,February 2021,6202.53,-0.6211,9554
Geometry Dash,January 2021,6264.65,3.5131,9322
Geometry Dash,December 2020,5913.34,1.1822,9136
Geometry Dash,November 2020,5795.12,3.0685000000000002,8907
Geometry Dash,October 2020,5488.27,3.8427999999999995,8889
Geometry Dash,September 2020,5103.99,0.3957,8284
Geometry Dash,August 2020,5064.41,2.385,7298
Geometry Dash,July 2020,4825.92,1.3216999999999999,6736
Geometry Dash,June 2020,4693.75,-1.5047,6620
Geometry Dash,May 2020,4844.22,-4.5325999999999995,6884
Geometry Dash,April 2020,5297.48,3.1357,7460
Geometry Dash,March 2020,4983.91,8.3111,8128
Geometry Dash,February 2020,4152.8,-0.0183,7066
Geometry Dash,January 2020,4154.63,2.4146,7167
Geometry Dash,December 2019,3913.17,8.1438,6784
Geometry Dash,November 2019,3098.79,4.0365,5625
Geometry Dash,October 2019,2695.13,1.0586,4818
Geometry Dash,September 2019,2589.28,-1.339,4657
Geometry Dash,August 2019,2723.18,0.0521,4213
Geometry Dash,July 2019,2717.97,-1.7034,3840
Geometry Dash,June 2019,2888.31,-0.5486,4598
Geometry Dash,May 2019,2943.17,-0.8349,5089
Geometry Dash,April 2019,3026.66,0.8437,5587
Geometry Dash,March 2019,2942.29,2.2196000000000002,5347
Geometry Dash,February 2019,2720.33,1.1212,4802
Geometry Dash,January 2019,2608.21,2.9374000000000002,4708
Geometry Dash,December 2018,2314.47,1.9384000000000001,4028
Geometry Dash,November 2018,2120.64,0.8028,3936
Geometry Dash,October 2018,2040.36,-1.0642,3782
Geometry Dash,September 2018,2146.78,-0.861,3838
Geometry Dash,August 2018,2232.88,-1.0121,3368
Geometry Dash,July 2018,2334.08,-3.4154,3409
Geometry Dash,June 2018,2675.62,-0.5542,4239
Geometry Dash,May 2018,2731.04,-4.6781,4883
Geometry Dash,April 2018,3198.85,-5.1812000000000005,5686
Geometry Dash,March 2018,3716.97,-0.9125,6640
Geometry Dash,February 2018,3808.23,0.4669,6578
Geometry Dash,January 2018,3761.54,1.8588999999999998,6631
Geometry Dash,December 2017,3575.65,2.964,6209
Geometry Dash,November 2017,3279.25,6.8746,6818
Geometry Dash,October 2017,2591.78,-0.19949999999999998,4790
Geometry Dash,September 2017,2611.74,-2.998,4827
Geometry Dash,August 2017,2911.53,-1.5545,4430
Geometry Dash,July 2017,3066.99,-2.8611,4777
Geometry Dash,June 2017,3353.1,2.0621,5479
Geometry Dash,May 2017,3146.89,-4.281000000000001,6102
Geometry Dash,April 2017,3574.99,-2.0249,6690
Geometry Dash,March 2017,3777.49,-7.1448,7397
Geometry Dash,February 2017,4491.97,5.801,8787
Geometry Dash,January 2017,3911.87,16.0778,9614
Geometry Dash,December 2016,2304.09,3.1194,4234
Geometry Dash,November 2016,1992.15,0.9701000000000001,3919
Geometry Dash,October 2016,1895.14,0.4524,3775
Geometry Dash,September 2016,1849.9,-0.9581999999999999,3685
Geometry Dash,August 2016,1945.72,-0.4208,3407
Geometry Dash,July 2016,1987.8,-0.3666,3158
Geometry Dash,June 2016,2024.46,1.6406999999999998,3326
Geometry Dash,May 2016,1860.38,1.0129000000000001,3567
Geometry Dash,April 2016,1759.09,-0.2489,3500
Geometry Dash,March 2016,1783.99,-0.34369999999999995,3551
Geometry Dash,February 2016,1818.35,0.4448,3554
Geometry Dash,January 2016,1773.88,1.5137,3321
Geometry Dash,December 2015,1622.51,1.6996,3200
Geometry Dash,November 2015,1452.55,-0.2134,2804
Geometry Dash,October 2015,1473.89,-0.1208,2874
Geometry Dash,September 2015,1485.97,2.543,3050
Geometry Dash,August 2015,1231.67,3.0729,3991
Geometry Dash,July 2015,924.38,0.1096,1416
Geometry Dash,June 2015,913.42,1.8300999999999998,1556
Geometry Dash,May 2015,730.41,1.5163,1410
Geometry Dash,April 2015,578.78,0.9617,1208
Geometry Dash,March 2015,482.61,0.6537000000000001,945
Geometry Dash,February 2015,417.25,0.9165000000000001,842
Geometry Dash,January 2015,325.6,1.1501000000000001,704
Geometry Dash,December 2014,210.59,0.0,388
